{
    "agg_scores": {
        "AUC": {
            "mean": 0.9958624946587736,
            "std": 0.002235723208970815
        },
        "Recall": {
            "mean": 0.9514740605815287,
            "std": 0.01107081641629329
        },
        "Precision": {
            "mean": 0.9625627673366461,
            "std": 0.006570062785232204
        },
        "F1": {
            "mean": 0.9569657281502805,
            "std": 0.007660892514148511
        },
        "Accuracy": {
            "mean": 0.9829614264040494,
            "std": 0.0029804335277791917
        }
    },
    "scores": {
        "AUC": [
            0.9977909061071979,
            0.996663216272396,
            0.9938397838875004,
            0.9931330436095777,
            0.9978855234171964
        ],
        "Recall": [
            0.9465020576131687,
            0.9670781893004116,
            0.9423868312757202,
            0.9590163934426229,
            0.9423868312757202
        ],
        "Precision": [
            0.9583333333333334,
            0.9631147540983607,
            0.9662447257383966,
            0.970954356846473,
            0.9541666666666667
        ],
        "F1": [
            0.9523809523809524,
            0.9650924024640657,
            0.9541666666666667,
            0.9649484536082474,
            0.9482401656314701
        ],
        "Accuracy": [
            0.9811629811629812,
            0.9860769860769861,
            0.9819819819819819,
            0.9860769860769861,
            0.9795081967213115
        ]
    },
    "params": {
        "logit__C": 0.1
    },
    "fold_results": [
        {
            "fold": 1,
            "conf_matrix": {
                "pred_ham": {
                    "ham": 968,
                    "spam": 13
                },
                "pred_spam": {
                    "ham": 10,
                    "spam": 230
                }
            },
            "fp": [
                51,
                780,
                790,
                2324,
                2441,
                2521,
                3616,
                3617,
                5559,
                5906
            ],
            "fn": [
                1022,
                1249,
                2383,
                2758,
                3418,
                3682,
                3683,
                3685,
                3740,
                5873,
                5877,
                6088,
                6089
            ]
        },
        {
            "fold": 2,
            "conf_matrix": {
                "pred_ham": {
                    "ham": 969,
                    "spam": 8
                },
                "pred_spam": {
                    "ham": 9,
                    "spam": 235
                }
            },
            "fp": [
                823,
                1290,
                1307,
                2817,
                3176,
                4529,
                5178,
                5474,
                6086
            ],
            "fn": [
                733,
                1125,
                2173,
                2439,
                3450,
                4663,
                5449,
                6079
            ]
        },
        {
            "fold": 3,
            "conf_matrix": {
                "pred_ham": {
                    "ham": 970,
                    "spam": 14
                },
                "pred_spam": {
                    "ham": 8,
                    "spam": 229
                }
            },
            "fp": [
                403,
                698,
                2690,
                3714,
                5471,
                5484,
                6039,
                6062
            ],
            "fn": [
                392,
                1318,
                2741,
                3642,
                3679,
                4652,
                5272,
                5446,
                5464,
                5468,
                5876,
                5909,
                6077,
                6083
            ]
        },
        {
            "fold": 4,
            "conf_matrix": {
                "pred_ham": {
                    "ham": 970,
                    "spam": 10
                },
                "pred_spam": {
                    "ham": 7,
                    "spam": 234
                }
            },
            "fp": [
                1008,
                2081,
                2336,
                2349,
                2422,
                5442,
                6073
            ],
            "fn": [
                1790,
                2139,
                2211,
                3275,
                3452,
                3744,
                4775,
                5519,
                5952,
                6095
            ]
        },
        {
            "fold": 5,
            "conf_matrix": {
                "pred_ham": {
                    "ham": 966,
                    "spam": 14
                },
                "pred_spam": {
                    "ham": 11,
                    "spam": 229
                }
            },
            "fp": [
                955,
                1377,
                2015,
                2298,
                2628,
                2863,
                3037,
                5140,
                5332,
                5584,
                5741
            ],
            "fn": [
                238,
                592,
                1368,
                2405,
                2471,
                3286,
                3350,
                3637,
                3648,
                3781,
                4534,
                5515,
                6084,
                6102
            ]
        }
    ],
    "mean_conf_matrix": {
        "matrix": {
            "pred_ham": {
                "ham": 968.6,
                "spam": 11.8
            },
            "pred_spam": {
                "ham": 9.0,
                "spam": 231.4
            }
        },
        "metrics": {
            "accuracy": 0.9829619921363041,
            "specificity": 0.9625623960066556,
            "recall": 0.9879640962872297,
            "precision": 0.9907937806873978,
            "f1": 0.9893769152196119
        }
    },
    "fnp": {
        "fn": [
            238,
            392,
            592,
            733,
            1022,
            1125,
            1249,
            1318,
            1368,
            1790,
            2139,
            2173,
            2211,
            2383,
            2405,
            2439,
            2471,
            2741,
            2758,
            3275,
            3286,
            3350,
            3418,
            3450,
            3452,
            3637,
            3642,
            3648,
            3679,
            3682,
            3683,
            3685,
            3740,
            3744,
            3781,
            4534,
            4652,
            4663,
            4775,
            5272,
            5446,
            5449,
            5464,
            5468,
            5515,
            5519,
            5873,
            5876,
            5877,
            5909,
            5952,
            6077,
            6079,
            6083,
            6084,
            6088,
            6089,
            6095,
            6102
        ],