{
    "agg_scores": {
        "AUC": {
            "mean": 0.9956176249504963,
            "std": 0.00106701518348512
        },
        "Accuracy": {
            "mean": 0.9842684682970697,
            "std": 0.003550184879308571
        },
        "F1": {
            "mean": 0.9603181164968078,
            "std": 0.009131801890405477
        },
        "Precision": {
            "mean": 0.9643629360804576,
            "std": 0.00742291332743142
        },
        "Recall": {
            "mean": 0.956395466504756,
            "std": 0.014756091337819237
        }
    },
    "scores": {
        "AUC": [
            0.9954700124040363,
            0.9944499145817027,
            0.9952108369030922,
            0.9973505861143754,
            0.9956067747492745
        ],
        "Accuracy": [
            0.9893617021276596,
            0.9836199836199836,
            0.980327868852459,
            0.9860655737704918,
            0.9819672131147541
        ],
        "F1": [
            0.9735234215885948,
            0.9586776859504132,
            0.95,
            0.9646569646569646,
            0.9547325102880658
        ],
        "Precision": [
            0.9676113360323887,
            0.9626556016597511,
            0.9620253164556962,
            0.9747899159663865,
            0.9547325102880658
        ],
        "Recall": [
            0.9795081967213115,
            0.9547325102880658,
            0.9382716049382716,
            0.9547325102880658,
            0.9547325102880658
        ]
    },
    "params": {
        "logit__C": 0.2
    },
    "fold_results": [
        {
            "fold": 1,
            "conf_matrix": {
                "pred_ham": {
                    "ham": 970,
                    "spam": 5
                },
                "pred_spam": {
                    "ham": 8,
                    "spam": 239
                }
            },
            "fp": [
                501,
                823,
                2221,
                2298,
                2422,
                2441,
                5559,
                6072
            ],
            "fn": [
                1318,
                1816,
                2439,
                3450,
                3679
            ]
        },
        {
            "fold": 2,
            "conf_matrix": {
                "pred_ham": {
                    "ham": 969,
                    "spam": 11
                },
                "pred_spam": {
                    "ham": 9,
                    "spam": 232
                }
            },
            "fp": [
                232,
                977,
                1290,
                2034,
                2628,
                2863,
                5140,
                5178,
                5466
            ],
            "fn": [
                1022,
                2211,
                2741,
                3350,
                3642,
                3686,
                3687,
                5411,
                5446,
                5519,
                6082
            ]
        },
        {
            "fold": 3,
            "conf_matrix": {
                "pred_ham": {
                    "ham": 968,
                    "spam": 15
                },
                "pred_spam": {
                    "ham": 9,
                    "spam": 228
                }
            },
            "fp": [
                1008,
                1307,
                2015,
                2081,
                2336,
                5584,
                5894,
                6061,
                6097
            ],
            "fn": [
                238,
                592,
                1368,
                3275,
                3418,
                3682,
                3683,
                3685,
                3688,
                3744,
                5152,
                5272,
                5875,
                6056,
                6093
            ]
        },
        {
            "fold": 4,
            "conf_matrix": {
                "pred_ham": {
                    "ham": 971,
                    "spam": 11
                },
                "pred_spam": {
                    "ham": 6,
                    "spam": 232
                }
            },
            "fp": [
                924,
                1683,
                1772,
                2349,
                3037,
                5770
            ],
            "fn": [
                392,
                654,
                1249,
                2758,
                3421,
                5449,
                5872,
                5908,
                6005,
                6076,
                6078
            ]
        },
        {
            "fold": 5,
            "conf_matrix": {
                "pred_ham": {
                    "ham": 966,
                    "spam": 11
                },
                "pred_spam": {
                    "ham": 11,
                    "spam": 232
                }
            },
            "fp": [
                698,
                790,
                901,
                955,
                2521,
                2690,
                3714,
                4529,
                5471,
                5823,
                5996
            ],
            "fn": [
                809,
                1125,
                1599,
                2139,
                3286,
                3740,
                5402,
                5922,
                6083,
                6087,
                6088
            ]
        }
    ],
    "mean_conf_matrix": {
        "matrix": {
            "pred_ham": {
                "ham": 968.8,
                "spam": 10.6
            },
            "pred_spam": {
                "ham": 8.6,
                "spam": 232.6
            }
        },
        "metrics": {
            "accuracy": 0.98427003113223,
            "specificity": 0.9643449419568823,
            "recall": 0.9891770471717378,
            "precision": 0.9912011458972785,
            "f1": 0.9901880621422732
        }
    },
    "fnp": {
        "fn": [
            238,
            392,
            592,
            654,
            809,
            1022,
            1125,
            1249,
            1318,
            1368,
            1599,
            1816,
            2139,
            2211,
            2439,
            2741,
            2758,
            3275,
            3286,
            3350,
            3418,
            3421,
            3450,
            3642,
            3679,
            3682,
            3683,
            3685,
            3686,
            3687,
            3688,
            3740,
            3744,
            5152,
            5272,
            5402,
            5411,
            5446,
            5449,
            5519,
            5872,
            5875,
            5908,
            5922,
            6005,
            6056,
            6076,
            6078,
            6082,
            6083,
            6087,
            6088,
            6093
        ],
        "fp": [
            232,
            501,
            698,
            790,
            823,
            901,
            924,
            955,
            977,
            1008,
            1290,
            1307,
            1683,
            1772,
            2015,
            2034,
            2081,
            2221,
            2298,
            2336,
            2349,
            2422,
            2441,
            2521,
            2628,
            2690,
            2863,
            3037,
            3714,
            4529,
            5140,
            5178,
            5466,
            5471,
            5559,
            5584,
            5770,
            5823,
            5894,
            5996,
            6061,
            6072,
            6097
        ]
    }
}